{"organisation":"AU_Govt_ABS_Census","name":"sa4_p15_type_of_edu_institute_by_age_by_sex_census_2016","title":"SA4-P15 Type of Educational Institute Attending by Sex-Census 2016","legal":{"attribution":"{datasource.organisationTitle}, ({dataset.attributionYear}): {dataset.title}; accessed from AURIN on {dateOfAccess}.","attributionYear":"2017","clickthrough":false,"copyrightNotice":"&copy; {datasource.organisationTitle} {dataset.copyrightYear}","copyrightYear":"2017","licenceType":"Creative Commons Attribution 2.5 Australia (CC BY 2.5 AU)"},"referenceSystemIdentifier":"urn:x-ogc:def:crs:EPSG:4283","geoLevel":"sa4_2016","key":"sa4_code16","keyRegex":null,"availability":"true","geomField":"wkb_geometry","keyword":"census,2016,pep,place of enumeration profile,p15,education,educational institution,age,sex,student","theme":null,"temporalExtent":{"beginDate":"2016-08-09T00:00:00","endDate":"2016-08-11T00:00:00","selectTime":false},"type":"dataset","_id":"dataset-AU_Govt_ABS_Census-sa4_p15_type_of_edu_institute_by_age_by_sex_census_2016-sa4_2016","bbox":null,"abstract":"SA4 based data for Educational Institution Attending (Full/Part Time Students Status by Age) by Sex, in Place of Enumeration Profile (PEP), 2016 Census. Count of persons attending an educational institution. The data is by SA4 2016 boundaries. Periodicity: 5-Yearly. <br/>\nNote: There are small random adjustments made to all cell values to protect the confidentiality of data. These adjustments may cause the sum of rows or columns to differ by small amounts from table totals.<br/>\nFor more information visit the data source: <a href=http://www.abs.gov.au/census>http://www.abs.gov.au/census</a>. \n","selectedAttributes":[{"name":"sa4_code16","type":"String","title":"SA4 Code 2016","description":"SA4 Code 2016.","stype":"nominal","isDimension":false},{"name":"uni_other_tert_instit_tot_p","type":"Integer","title":"University or other Tertiary Institution Total Persons","description":"University or other Tertiary Institution Total Persons.","stype":"ratio","isDimension":false},{"name":"sa4_name16","type":"String","title":"SA4 Name 2016","description":"SA4 Name 2016.","stype":"nominal","isDimension":false}],"filter":{"filterType":"tabular","feature":{"key":"sa4_code16","geoLevel":"sa4_2016","geoField":"ignored","year":"2006","featureBbox":[144.33363404800002,-38.50298801599996,145.8784120140001,-37.17509899299995],"featureType":"gccsa_2016","featureInstance":"2GMEL","featureName":"Greater Melbourne","referenceSystemIdentifier":"urn:x-ogc:def:crs:EPSG:4283","prefix":"","keyTransform":null},"states":["2"]}}