{"organisation":"AU_Govt_ABS","name":"abs_lifetables_sa4_2008_2015","title":"ABS - Life Tables - Life Expectancy (SA4) 2008-2015","legal":{"copyrightYear":"2016","attributionYear":"2016","attribution":"{datasource.organisationTitle}, ({dataset.attributionYear}): {dataset.title}; accessed from AURIN on {dateOfAccess}.","clickthrough":false,"licenceType":"Creative Commons Attribution 4.0 International (CC BY 4.0)","copyrightNotice":"&copy; {datasource.organisationTitle} {dataset.copyrightYear}"},"referenceSystemIdentifier":"urn:x-ogc:def:crs:EPSG:4283","geoLevel":"sa4","key":"sa4_code","keyRegex":null,"availability":"true","geomField":"wkb_geometry","keyword":"life expectancy,health,population","theme":null,"temporalExtent":{"beginDate":"2008-01-01T00:00:00","endDate":"2015-12-31T00:00:00","selectTime":false},"type":"dataset","_id":"dataset-AU_Govt_ABS-abs_lifetables_sa4_2008_2015-sa4","bbox":null,"abstract":"This dataset presents the life tables for males and females for the reference period 2008-2015. It contains life expectancy at birth estimates for males, females and persons for Statistical Area Level 4 (SA4). Boundaries are based on ABS ASGS 2011. <br/><br/>\n\nFor further information about this dataset and related statistics, contact the National Information and Referral Service on 1300 135 070 or visit the data source: <a href=\"https://www.abs.gov.au/AUSSTATS/abs@.nsf/Lookup/3302.0.55.001Explanatory%20Notes12013-2015?OpenDocument\" target=\"_blank\">ABS-Explanatory Notes</a>","selectedAttributes":[{"name":"sa4_code","type":"Integer","title":"SA4 Code","description":"SA4 code, based on ASGS 2011.","stype":"nominal","isDimension":false},{"name":"life_expectancy_p_2013_15","type":"Double","title":"Life Expectancy Persons 2013-2015","description":"Life Expectancy Persons 2013-2015.","stype":"ratio","isDimension":false},{"name":"sa4_name","type":"String","title":"SA4 Name","description":"SA4 name, based on ASGS 2011.","stype":"nominal","isDimension":false}],"filter":{"filterType":"tabular","feature":{"key":"sa4_code","geoLevel":"sa4","geoField":"ignored","year":"2006","featureBbox":[144.33363404800002,-38.50298801599996,145.8784120140001,-37.17509899299995],"featureType":"gccsa_2016","featureInstance":"2GMEL","featureName":"Greater Melbourne","referenceSystemIdentifier":"urn:x-ogc:def:crs:EPSG:4283","prefix":"","keyTransform":null},"states":["2"]}}